Server,iLOIP,Location,State,Memory Type,Size(GB),Freq,P/N
,10.1.59.14,PROC 1 DIMM 1,GoodInUse,DDR4,32,2400,809083-091
,10.1.59.14,PROC 1 DIMM 4,GoodInUse,DDR4,32,2400,809083-091
,10.1.59.14,PROC 1 DIMM 9,GoodInUse,DDR4,32,2400,809083-091
,10.1.59.14,PROC 1 DIMM 12,GoodInUse,DDR4,32,2400,809083-091
,10.1.59.14,PROC 2 DIMM 1,GoodInUse,DDR4,32,2400,809083-091
,10.1.59.14,PROC 2 DIMM 4,GoodInUse,DDR4,32,2400,809083-091
,10.1.59.14,PROC 2 DIMM 9,GoodInUse,DDR4,32,2400,809083-091
,10.1.59.14,PROC 2 DIMM 12,GoodInUse,DDR4,32,2400,809083-091

