Server,iLOIP,AdapterName,MAC Address,IP Address,Connected to,State
,10.1.59.14,HP Ethernet 1Gb 4-port 331i Adapter - NIC,94:18:82:0B:97:40,,,Disabled
,10.1.59.14,HP Ethernet 1Gb 4-port 331i Adapter - NIC,94:18:82:0B:97:41,,,Disabled
,10.1.59.14,HP Ethernet 1Gb 4-port 331i Adapter - NIC,94:18:82:0B:97:42,,,Disabled
,10.1.59.14,HP Ethernet 1Gb 4-port 331i Adapter - NIC,94:18:82:0B:97:43,,,Disabled
,10.1.59.14,HP Ethernet 10G 2-port 546FLR-SFP+ Adapter,E0:07:1B:70:37:F0,,,Enabled
,10.1.59.14,HP Ethernet 10G 2-port 546FLR-SFP+ Adapter,E0:07:1B:70:37:F1,,,Enabled

